ADOB_ID;ADS_OID;ADOB_LIIK;ORIG_TUNNUS;ETAK_ID;ADS_KEHTIV;OLEK;ADR_ID;KOODAADRESS;TAISAADRESS;LAHIAADRESS;AADR_OLEK;VIITEPUNKT_X;VIITEPUNKT_Y;TASE1_KOOD;TASE1_NIMETUS;TASE1_NIMETUS_LIIGIGA;TASE2_KOOD;TASE2_NIMETUS;TASE2_NIMETUS_LIIGIGA;TASE3_KOOD;TASE3_NIMETUS;TASE3_NIMETUS_LIIGIGA;TASE4_KOOD;TASE4_NIMETUS;TASE4_NIMETUS_LIIGIGA;TASE5_KOOD;TASE5_NIMETUS;TASE5_NIMETUS_LIIGIGA;TASE6_KOOD;TASE6_NIMETUS;TASE6_NIMETUS_LIIGIGA;TASE7_KOOD;TASE7_NIMETUS;TASE7_NIMETUS_LIIGIGA;TASE8_KOOD;TASE8_NIMETUS;TASE8_NIMETUS_LIIGIGA
118006;"LP00012285";"LP";"2119541";;"19.02.2004 06:40:40";"K";108838;"377840524000004DS0000000000000000";"Harju maakond, Tallinna linn, Nõmme linnaosa, Kalevala tn";"Kalevala tn";"K";536589,24;6582445,70;"37";"Harju maakond";"Harju maakond";"784";"Tallinna linn";"Tallinna linn";"0524";"Nõmme linnaosa";"Nõmme linnaosa";"";"";"";"04DS";"Kalevala tn";"Kalevala tänav";"";"";"";"";"";"";"";"";""
121233;"LP00016245";"LP";"2614698";;"28.05.2004 09:55:18";"K";110991;"377840596000004JP0000000000000000";"Harju maakond, Tallinna linn, Pirita linnaosa, Sarapiku tee";"Sarapiku tee";"K";547707,15;6594730,28;"37";"Harju maakond";"Harju maakond";"784";"Tallinna linn";"Tallinna linn";"0596";"Pirita linnaosa";"Pirita linnaosa";"";"";"";"04JP";"Sarapiku tee";"Sarapiku tee";"";"";"";"";"";"";"";"";""
121263;"LP00016282";"LP";"2706927";;"28.05.2004 09:55:04";"K";117726;"377840176000004H30000000000000000";"Harju maakond, Tallinna linn, Haabersti linnaosa, Kudu tn";"Kudu tn";"K";533202,67;6589557,54;"37";"Harju maakond";"Harju maakond";"784";"Tallinna linn";"Tallinna linn";"0176";"Haabersti linnaosa";"Haabersti linnaosa";"";"";"";"04H3";"Kudu tn";"Kudu tänav";"";"";"";"";"";"";"";"";""
121411;"LP00016463";"LP";"2104757";;"19.02.2004 01:25:50";"K";113229;"377840387000004BU0000000000000000";"Harju maakond, Tallinna linn, Lasnamäe linnaosa, Tuulemäe tn";"Tuulemäe tn";"K";545103,88;6587861,09;"37";"Harju maakond";"Harju maakond";"784";"Tallinna linn";"Tallinna linn";"0387";"Lasnamäe linnaosa";"Lasnamäe linnaosa";"";"";"";"04BU";"Tuulemäe tn";"Tuulemäe tänav";"";"";"";"";"";"";"";"";""
121465;"LP00016529";"LP";"2120362";;"19.02.2004 06:58:51";"K";113777;"377840524000003RC0000000000000000";"Harju maakond, Tallinna linn, Nõmme linnaosa, Uku tn";"Uku tn";"K";538150,50;6581850,79;"37";"Harju maakond";"Harju maakond";"784";"Tallinna linn";"Tallinna linn";"0524";"Nõmme linnaosa";"Nõmme linnaosa";"";"";"";"03RC";"Uku tn";"Uku tänav";"";"";"";"";"";"";"";"";""
120020;"LP00014757";"LP";"2105767";;"19.02.2004 01:52:14";"K";115634;"377840387000004BG0000000000000000";"Harju maakond, Tallinna linn, Lasnamäe linnaosa, Väike-Paala tn";"Väike-Paala tn";"K";545873,74;6588091,80;"37";"Harju maakond";"Harju maakond";"784";"Tallinna linn";"Tallinna linn";"0387";"Lasnamäe linnaosa";"Lasnamäe linnaosa";"";"";"";"04BG";"Väike-Paala tn";"Väike-Paala tänav";"";"";"";"";"";"";"";"";""
120241;"LP00015028";"LP";"2114760";;"19.02.2004 04:42:09";"K";108500;"377840298000004AH0000000000000000";"Harju maakond, Tallinna linn, Kesklinna linnaosa, Rahukohtu tn";"Rahukohtu tn";"K";541997,51;6589109,99;"37";"Harju maakond";"Harju maakond";"784";"Tallinna linn";"Tallinna linn";"0298";"Kesklinna linnaosa";"Kesklinna linnaosa";"";"";"";"04AH";"Rahukohtu tn";"Rahukohtu tänav";"";"";"";"";"";"";"";"";""
120247;"LP00015035";"LP";"2120075";;"19.02.2004 06:52:54";"K";116726;"377840524000004E20000000000000000";"Harju maakond, Tallinna linn, Nõmme linnaosa, Kasteheina tn";"Kasteheina tn";"K";536260,91;6582457,17;"37";"Harju maakond";"Harju maakond";"784";"Tallinna linn";"Tallinna linn";"0524";"Nõmme linnaosa";"Nõmme linnaosa";"";"";"";"04E2";"Kasteheina tn";"Kasteheina tänav";"";"";"";"";"";"";"";"";""
120270;"LP00015063";"LP";"2119750";;"19.02.2004 06:46:20";"K";108877;"377840524000003Z90000000000000000";"Harju maakond, Tallinna linn, Nõmme linnaosa, Puraviku tn";"Puraviku tn";"K";540874,59;6583079,95;"37";"Harju maakond";"Harju maakond";"784";"Tallinna linn";"Tallinna linn";"0524";"Nõmme linnaosa";"Nõmme linnaosa";"";"";"";"03Z9";"Puraviku tn";"Puraviku tänav";"";"";"";"";"";"";"";"";""
118504;"LP00012896";"LP";"2612376";;"28.05.2004 09:50:50";"K";115414;"377840298000005ZG0000000000000000";"Harju maakond, Tallinna linn, Kesklinna linnaosa, Loite tn";"Loite tn";"K";541373,24;6588511,16;"37";"Harju maakond";"Harju maakond";"784";"Tallinna linn";"Tallinna linn";"0298";"Kesklinna linnaosa";"Kesklinna linnaosa";"";"";"";"05ZG";"Loite tn";"Loite tänav";"";"";"";"";"";"";"";"";""
120568;"LP00015428";"LP";"2114000";;"19.02.2004 04:22:56";"K";112801;"377840298000003KK0000000000000000";"Harju maakond, Tallinna linn, Kesklinna linnaosa, Vana-Veerenni tn";"Vana-Veerenni tn";"K";542283,74;6587913,49;"37";"Harju maakond";"Harju maakond";"784";"Tallinna linn";"Tallinna linn";"0298";"Kesklinna linnaosa";"Kesklinna linnaosa";"";"";"";"03KK";"Vana-Veerenni tn";"Vana-Veerenni tänav";"";"";"";"";"";"";"";"";""
118732;"LP00013177";"LP";"2107313";;"19.02.2004 02:21:08";"K";108324;"377840596000003S60000000000000000";"Harju maakond, Tallinna linn, Pirita linnaosa, Kedriku tn";"Kedriku tn";"K";549532,05;6594349,69;"37";"Harju maakond";"Harju maakond";"784";"Tallinna linn";"Tallinna linn";"0596";"Pirita linnaosa";"Pirita linnaosa";"";"";"";"03S6";"Kedriku tn";"Kedriku tänav";"";"";"";"";"";"";"";"";""
118750;"LP00013199";"LP";"2119194";;"19.02.2004 06:32:32";"K";108567;"377840524000004DI0000000000000000";"Harju maakond, Tallinna linn, Nõmme linnaosa, Jõhvika tn";"Jõhvika tn";"K";540869,20;6582822,06;"37";"Harju maakond";"Harju maakond";"784";"Tallinna linn";"Tallinna linn";"0524";"Nõmme linnaosa";"Nõmme linnaosa";"";"";"";"04DI";"Jõhvika tn";"Jõhvika tänav";"";"";"";"";"";"";"";"";""
120671;"LP00015554";"LP";"2114637";;"19.02.2004 04:39:11";"K";114189;"377840298000003WE0000000000000000";"Harju maakond, Tallinna linn, Kesklinna linnaosa, Raua põik";"Raua põik";"K";543541,17;6588902,81;"37";"Harju maakond";"Harju maakond";"784";"Tallinna linn";"Tallinna linn";"0298";"Kesklinna linnaosa";"Kesklinna linnaosa";"";"";"";"03WE";"Raua põik";"Raua põik";"";"";"";"";"";"";"";"";""
121036;"LP00016001";"LP";"2108772";;"19.02.2004 02:46:02";"K";108646;"377840596000003UR0000000000000000";"Harju maakond, Tallinna linn, Pirita linnaosa, Karukella tee";"Karukella tee";"K";549942,21;6591960,70;"37";"Harju maakond";"Harju maakond";"784";"Tallinna linn";"Tallinna linn";"0596";"Pirita linnaosa";"Pirita linnaosa";"";"";"";"03UR";"Karukella tee";"Karukella tee";"";"";"";"";"";"";"";"";""
125935;"LP00021609";"LP";"2113871";;"19.02.2004 04:20:55";"K";113190;"377840298000003O40000000000000000";"Harju maakond, Tallinna linn, Kesklinna linnaosa, Suur-Karja tn";"Suur-Karja tn";"K";542370,62;6588760,55;"37";"Harju maakond";"Harju maakond";"784";"Tallinna linn";"Tallinna linn";"0298";"Kesklinna linnaosa";"Kesklinna linnaosa";"";"";"";"03O4";"Suur-Karja tn";"Suur-Karja tänav";"";"";"";"";"";"";"";"";""
125983;"LP00021657";"LP";"2612445";;"28.05.2004 09:51:00";"K";117289;"377840298000006010000000000000000";"Harju maakond, Tallinna linn, Kesklinna linnaosa, Rumbi tn";"Rumbi tn";"K";543012,44;6589967,56;"37";"Harju maakond";"Harju maakond";"784";"Tallinna linn";"Tallinna linn";"0298";"Kesklinna linnaosa";"Kesklinna linnaosa";"";"";"";"0601";"Rumbi tn";"Rumbi tänav";"";"";"";"";"";"";"";"";""
123001;"LP00018404";"LP";"2119908";;"19.02.2004 06:49:26";"K";116946;"3778405240000042N0000000000000000";"Harju maakond, Tallinna linn, Nõmme linnaosa, Kuuse tn";"Kuuse tn";"K";538740,96;6583396,27;"37";"Harju maakond";"Harju maakond";"784";"Tallinna linn";"Tallinna linn";"0524";"Nõmme linnaosa";"Nõmme linnaosa";"";"";"";"042N";"Kuuse tn";"Kuuse tänav";"";"";"";"";"";"";"";"";""
126354;"LP00022034";"LP";"2613003";;"28.05.2004 09:52:36";"K";110701;"377840524000004GO0000000000000000";"Harju maakond, Tallinna linn, Nõmme linnaosa, Karuse tn";"Karuse tn";"K";542535,91;6581639,12;"37";"Harju maakond";"Harju maakond";"784";"Tallinna linn";"Tallinna linn";"0524";"Nõmme linnaosa";"Nõmme linnaosa";"";"";"";"04GO";"Karuse tn";"Karuse tänav";"";"";"";"";"";"";"";"";""
126362;"LP00022042";"LP";"2618265";;"28.05.2004 09:55:10";"K";111011;"377840176000004I60000000000000000";"Harju maakond, Tallinna linn, Haabersti linnaosa, Müta tn";"Müta tn";"K";533142,68;6589112,67;"37";"Harju maakond";"Harju maakond";"784";"Tallinna linn";"Tallinna linn";"0176";"Haabersti linnaosa";"Haabersti linnaosa";"";"";"";"04I6";"Müta tn";"Müta tänav";"";"";"";"";"";"";"";"";""
121589;"LP00016680";"LP";"2117066";;"19.02.2004 05:39:02";"K";115610;"377840614000004500000000000000000";"Harju maakond, Tallinna linn, Põhja-Tallinna linnaosa, Pebre tn";"Pebre tn";"K";540747,21;6589389,45;"37";"Harju maakond";"Harju maakond";"784";"Tallinna linn";"Tallinna linn";"0614";"Põhja-Tallinna linnaosa";"Põhja-Tallinna linnaosa";"";"";"";"0450";"Pebre tn";"Pebre tänav";"";"";"";"";"";"";"";"";""
126449;"LP00022130";"LP";"2118800";;"19.02.2004 06:25:54";"K";114087;"377840524000003MK0000000000000000";"Harju maakond, Tallinna linn, Nõmme linnaosa, Soovildiku tn";"Soovildiku tn";"K";534931,73;6580278,59;"37";"Harju maakond";"Harju maakond";"784";"Tallinna linn";"Tallinna linn";"0524";"Nõmme linnaosa";"Nõmme linnaosa";"";"";"";"03MK";"Soovildiku tn";"Soovildiku tänav";"";"";"";"";"";"";"";"";""
121841;"LP00016988";"LP";"2111280";;"19.02.2004 03:12:20";"K";108638;"377840176000003NU0000000000000000";"Harju maakond, Tallinna linn, Haabersti linnaosa, Tursa tn";"Tursa tn";"K";533081,48;6590574,93;"37";"Harju maakond";"Harju maakond";"784";"Tallinna linn";"Tallinna linn";"0176";"Haabersti linnaosa";"Haabersti linnaosa";"";"";"";"03NU";"Tursa tn";"Tursa tänav";"";"";"";"";"";"";"";"";""
121843;"LP00016990";"LP";"2114065";;"19.02.2004 04:23:49";"K";108677;"3778402980000040X0000000000000000";"Harju maakond, Tallinna linn, Kesklinna linnaosa, Söe tn";"Söe tn";"K";542714;6586415,85;"37";"Harju maakond";"Harju maakond";"784";"Tallinna linn";"Tallinna linn";"0298";"Kesklinna linnaosa";"Kesklinna linnaosa";"";"";"";"040X";"Söe tn";"Söe tänav";"";"";"";"";"";"";"";"";""
122016;"LP00017204";"LP";"2102079";;"19.02.2004 00:22:32";"K";111018;"377840339000004010000000000000000";"Harju maakond, Tallinna linn, Kristiine linnaosa, Pardi tn";"Pardi tn";"K";541462,22;6586359,50;"37";"Harju maakond";"Harju maakond";"784";"Tallinna linn";"Tallinna linn";"0339";"Kristiine linnaosa";"Kristiine linnaosa";"";"";"";"0401";"Pardi tn";"Pardi tänav";"";"";"";"";"";"";"";"";""
122018;"LP00017206";"LP";"2102767";;"19.02.2004 00:42:02";"K";116912;"3778403390000046M0000000000000000";"Harju maakond, Tallinna linn, Kristiine linnaosa, Sinika tn";"Sinika tn";"K";540955,03;6588078,85;"37";"Harju maakond";"Harju maakond";"784";"Tallinna linn";"Tallinna linn";"0339";"Kristiine linnaosa";"Kristiine linnaosa";"";"";"";"046M";"Sinika tn";"Sinika tänav";"";"";"";"";"";"";"";"";""
123560;"LP00019063";"LP";"3048861";;"28.05.2004 09:55:02";"K";117324;"377840596000004GM0000000000000000";"Harju maakond, Tallinna linn, Pirita linnaosa, Kannustiiva tn";"Kannustiiva tn";"K";550384,34;6593461,59;"37";"Harju maakond";"Harju maakond";"784";"Tallinna linn";"Tallinna linn";"0596";"Pirita linnaosa";"Pirita linnaosa";"";"";"";"04GM";"Kannustiiva tn";"Kannustiiva tänav";"";"";"";"";"";"";"";"";""
122078;"LP00017279";"LP";"3175588";;"12.11.2003 11:49:38";"K";111900;"3778406140000044L0000000000000000";"Harju maakond, Tallinna linn, Põhja-Tallinna linnaosa, Merimetsa tee";"Merimetsa tee";"K";539646,95;6588829,13;"37";"Harju maakond";"Harju maakond";"784";"Tallinna linn";"Tallinna linn";"0614";"Põhja-Tallinna linnaosa";"Põhja-Tallinna linnaosa";"";"";"";"044L";"Merimetsa tee";"Merimetsa tee";"";"";"";"";"";"";"";"";""
126924;"LP00022469";"LP";"2102741";;"19.02.2004 00:41:20";"K";111039;"377840339000003NJ0000000000000000";"Harju maakond, Tallinna linn, Kristiine linnaosa, Seemne tn";"Seemne tn";"K";539426,80;6587636,36;"37";"Harju maakond";"Harju maakond";"784";"Tallinna linn";"Tallinna linn";"0339";"Kristiine linnaosa";"Kristiine linnaosa";"";"";"";"03NJ";"Seemne tn";"Seemne tänav";"";"";"";"";"";"";"";"";""
124023;"LP00019591";"LP";"2613136";;"28.05.2004 09:53:57";"K";110302;"3778406140000044H0000000000000000";"Harju maakond, Tallinna linn, Põhja-Tallinna linnaosa, Maleva põik";"Maleva põik";"K";538549,90;6591620,21;"37";"Harju maakond";"Harju maakond";"784";"Tallinna linn";"Tallinna linn";"0614";"Põhja-Tallinna linnaosa";"Põhja-Tallinna linnaosa";"";"";"";"044H";"Maleva põik";"Maleva põik";"";"";"";"";"";"";"";"";""
122573;"LP00017886";"LP";"2117040";;"19.02.2004 05:38:31";"K";108546;"377840614000003P80000000000000000";"Harju maakond, Tallinna linn, Põhja-Tallinna linnaosa, Nisu tn";"Nisu tn";"K";540315,46;6589806,42;"37";"Harju maakond";"Harju maakond";"784";"Tallinna linn";"Tallinna linn";"0614";"Põhja-Tallinna linnaosa";"Põhja-Tallinna linnaosa";"";"";"";"03P8";"Nisu tn";"Nisu tänav";"";"";"";"";"";"";"";"";""
122599;"LP00017917";"LP";"2595965";;"02.04.2004 01:20:52";"K";108888;"3778402980000049Y0000000000000000";"Harju maakond, Tallinna linn, Kesklinna linnaosa, Oleviste tn";"Oleviste tn";"K";542420,46;6589484,83;"37";"Harju maakond";"Harju maakond";"784";"Tallinna linn";"Tallinna linn";"0298";"Kesklinna linnaosa";"Kesklinna linnaosa";"";"";"";"049Y";"Oleviste tn";"Oleviste tänav";"";"";"";"";"";"";"";"";""
120001;"LP00014733";"LP";"2466294";;"31.03.2004 23:24:35";"K";115348;"377840524000003R60000000000000000";"Harju maakond, Tallinna linn, Nõmme linnaosa, Turu plats";"Turu plats";"K";538836,82;6583589,90;"37";"Harju maakond";"Harju maakond";"784";"Tallinna linn";"Tallinna linn";"0524";"Nõmme linnaosa";"Nõmme linnaosa";"";"";"";"03R6";"Turu plats";"Turu plats";"";"";"";"";"";"";"";"";""
120249;"LP00015037";"LP";"2106680";;"19.02.2004 02:10:33";"K";108588;"377840596000003RE0000000000000000";"Harju maakond, Tallinna linn, Pirita linnaosa, Vaate tee";"Vaate tee";"K";547079,73;6595585,71;"37";"Harju maakond";"Harju maakond";"784";"Tallinna linn";"Tallinna linn";"0596";"Pirita linnaosa";"Pirita linnaosa";"";"";"";"03RE";"Vaate tee";"Vaate tee";"";"";"";"";"";"";"";"";""
118118;"LP00012422";"LP";"2114184";;"19.02.2004 04:25:57";"K";110219;"377840298000004AU0000000000000000";"Harju maakond, Tallinna linn, Kesklinna linnaosa, Terase tn";"Terase tn";"K";543776,06;6588904,40;"37";"Harju maakond";"Harju maakond";"784";"Tallinna linn";"Tallinna linn";"0298";"Kesklinna linnaosa";"Kesklinna linnaosa";"";"";"";"04AU";"Terase tn";"Terase tänav";"";"";"";"";"";"";"";"";""
118151;"LP00012462";"LP";"2612466";;"28.05.2004 09:51:04";"K";110618;"3778402980000060K0000000000000000";"Harju maakond, Tallinna linn, Kesklinna linnaosa, Uus tn";"Uus tn";"K";542546,83;6589306,50;"37";"Harju maakond";"Harju maakond";"784";"Tallinna linn";"Tallinna linn";"0298";"Kesklinna linnaosa";"Kesklinna linnaosa";"";"";"";"060K";"Uus tn";"Uus tänav";"";"";"";"";"";"";"";"";""
118177;"LP00012494";"LP";"2614696";;"28.05.2004 09:55:25";"K";110990;"377840596000004KY0000000000000000";"Harju maakond, Tallinna linn, Pirita linnaosa, Vahtriku tee";"Vahtriku tee";"K";548018,11;6594602,09;"37";"Harju maakond";"Harju maakond";"784";"Tallinna linn";"Tallinna linn";"0596";"Pirita linnaosa";"Pirita linnaosa";"";"";"";"04KY";"Vahtriku tee";"Vahtriku tee";"";"";"";"";"";"";"";"";""
120257;"LP00015047";"LP";"2116669";;"19.02.2004 05:32:07";"K";108719;"377840614000003OX0000000000000000";"Harju maakond, Tallinna linn, Põhja-Tallinna linnaosa, Ädala tn";"Ädala tn";"K";540053,99;6588888,60;"37";"Harju maakond";"Harju maakond";"784";"Tallinna linn";"Tallinna linn";"0614";"Põhja-Tallinna linnaosa";"Põhja-Tallinna linnaosa";"";"";"";"03OX";"Ädala tn";"Ädala tänav";"";"";"";"";"";"";"";"";""
128266;"LP00011619";"LP";"3099307";;"24.11.2005 09:24:18";"K";111729;"3778401760000096L0000000000000000";"Harju maakond, Tallinna linn, Haabersti linnaosa, Härgmäe tn";"Härgmäe tn";"K";534145,09;6584316,09;"37";"Harju maakond";"Harju maakond";"784";"Tallinna linn";"Tallinna linn";"0176";"Haabersti linnaosa";"Haabersti linnaosa";"";"";"";"096L";"Härgmäe tn";"Härgmäe tänav";"";"";"";"";"";"";"";"";""
129027;"LP00017573";"LP";"2104671";;"19.02.2004 01:23:58";"K";116859;"377840387000004BS0000000000000000";"Harju maakond, Tallinna linn, Lasnamäe linnaosa, Tuha tn";"Tuha tn";"K";545231,79;6588089,80;"37";"Harju maakond";"Harju maakond";"784";"Tallinna linn";"Tallinna linn";"0387";"Lasnamäe linnaosa";"Lasnamäe linnaosa";"";"";"";"04BS";"Tuha tn";"Tuha tänav";"";"";"";"";"";"";"";"";""
129033;"LP00017608";"LP";"2115613";;"19.02.2004 05:00:55";"K";115710;"3778402980000040S0000000000000000";"Harju maakond, Tallinna linn, Kesklinna linnaosa, Suitsu põik";"Suitsu põik";"K";542517,55;6586272,73;"37";"Harju maakond";"Harju maakond";"784";"Tallinna linn";"Tallinna linn";"0298";"Kesklinna linnaosa";"Kesklinna linnaosa";"";"";"";"040S";"Suitsu põik";"Suitsu põik";"";"";"";"";"";"";"";"";""
121472;"LP00016538";"LP";"2561290";;"01.04.2004 20:19:44";"K";113930;"377840298000004A70000000000000000";"Harju maakond, Tallinna linn, Kesklinna linnaosa, Pikk jalg";"Pikk jalg";"K";542088,15;6589011,63;"37";"Harju maakond";"Harju maakond";"784";"Tallinna linn";"Tallinna linn";"0298";"Kesklinna linnaosa";"Kesklinna linnaosa";"";"";"";"04A7";"Pikk jalg";"Pikk jalg";"";"";"";"";"";"";"";"";""
121034;"LP00015999";"LP";"2106224";;"19.02.2004 02:01:17";"K";108612;"377840596000004DD0000000000000000";"Harju maakond, Tallinna linn, Pirita linnaosa, Jasmiini tee";"Jasmiini tee";"K";549150,88;6594884,42;"37";"Harju maakond";"Harju maakond";"784";"Tallinna linn";"Tallinna linn";"0596";"Pirita linnaosa";"Pirita linnaosa";"";"";"";"04DD";"Jasmiini tee";"Jasmiini tee";"";"";"";"";"";"";"";"";""
121037;"LP00016002";"LP";"2110912";;"19.02.2004 03:09:00";"K";108657;"3778401760000046C0000000000000000";"Harju maakond, Tallinna linn, Haabersti linnaosa, Joone tn";"Joone tn";"K";538517,48;6587764,28;"37";"Harju maakond";"Harju maakond";"784";"Tallinna linn";"Tallinna linn";"0176";"Haabersti linnaosa";"Haabersti linnaosa";"";"";"";"046C";"Joone tn";"Joone tänav";"";"";"";"";"";"";"";"";""
129130;"LP00023616";"LP";"2102153";;"19.02.2004 00:24:00";"K";113232;"3778403390000048B0000000000000000";"Harju maakond, Tallinna linn, Kristiine linnaosa, Hüübi tn";"Hüübi tn";"K";540736,59;6587080,70;"37";"Harju maakond";"Harju maakond";"784";"Tallinna linn";"Tallinna linn";"0339";"Kristiine linnaosa";"Kristiine linnaosa";"";"";"";"048B";"Hüübi tn";"Hüübi tänav";"";"";"";"";"";"";"";"";""
129235;"LP00017884";"LP";"2115902";;"19.02.2004 05:09:57";"K";108532;"3778402980000049P0000000000000000";"Harju maakond, Tallinna linn, Kesklinna linnaosa, Mündi tn";"Mündi tn";"K";542284,96;6589124,53;"37";"Harju maakond";"Harju maakond";"784";"Tallinna linn";"Tallinna linn";"0298";"Kesklinna linnaosa";"Kesklinna linnaosa";"";"";"";"049P";"Mündi tn";"Mündi tänav";"";"";"";"";"";"";"";"";""
120078;"LP00014828";"LP";"2110986";;"19.02.2004 03:09:38";"K";116342;"377840176000003JD0000000000000000";"Harju maakond, Tallinna linn, Haabersti linnaosa, Loigu tn";"Loigu tn";"K";534123,79;6589693,87;"37";"Harju maakond";"Harju maakond";"784";"Tallinna linn";"Tallinna linn";"0176";"Haabersti linnaosa";"Haabersti linnaosa";"";"";"";"03JD";"Loigu tn";"Loigu tänav";"";"";"";"";"";"";"";"";""
117232;"LP00011338";"LP";"2114629";;"19.02.2004 04:38:53";"K";108756;"377840298000005XH0000000000000000";"Harju maakond, Tallinna linn, Kesklinna linnaosa, Hobujaama tn";"Hobujaama tn";"K";543014,50;6589192,31;"37";"Harju maakond";"Harju maakond";"784";"Tallinna linn";"Tallinna linn";"0298";"Kesklinna linnaosa";"Kesklinna linnaosa";"";"";"";"05XH";"Hobujaama tn";"Hobujaama tänav";"";"";"";"";"";"";"";"";""
129410;"LP00013731";"LP";"2102482";;"19.02.2004 00:32:54";"K";114197;"377840339000004890000000000000000";"Harju maakond, Tallinna linn, Kristiine linnaosa, Oksa tn";"Oksa tn";"K";541330,86;6585752,05;"37";"Harju maakond";"Harju maakond";"784";"Tallinna linn";"Tallinna linn";"0339";"Kristiine linnaosa";"Kristiine linnaosa";"";"";"";"0489";"Oksa tn";"Oksa tänav";"";"";"";"";"";"";"";"";""
128617;"LP00016996";"LP";"2114464";;"19.02.2004 04:34:39";"K";119028;"3778402980000040P0000000000000000";"Harju maakond, Tallinna linn, Kesklinna linnaosa, Saku tn";"Saku tn";"K";541907,90;6586012,77;"37";"Harju maakond";"Harju maakond";"784";"Tallinna linn";"Tallinna linn";"0298";"Kesklinna linnaosa";"Kesklinna linnaosa";"";"";"";"040P";"Saku tn";"Saku tänav";"";"";"";"";"";"";"";"";""
128729;"LP00012503";"LP";"2612351";;"28.05.2004 09:50:37";"K";117680;"377840298000005YS0000000000000000";"Harju maakond, Tallinna linn, Kesklinna linnaosa, Kanuti tn";"Kanuti tn";"K";542737,32;6589399,12;"37";"Harju maakond";"Harju maakond";"784";"Tallinna linn";"Tallinna linn";"0298";"Kesklinna linnaosa";"Kesklinna linnaosa";"";"";"";"05YS";"Kanuti tn";"Kanuti tänav";"";"";"";"";"";"";"";"";""
129586;"LP00023788";"LP";"2114031";;"19.02.2004 04:23:22";"K";108673;"3778402980000040A0000000000000000";"Harju maakond, Tallinna linn, Kesklinna linnaosa, Vana-Lõuna tn";"Vana-Lõuna tn";"K";542336,20;6587430,18;"37";"Harju maakond";"Harju maakond";"784";"Tallinna linn";"Tallinna linn";"0298";"Kesklinna linnaosa";"Kesklinna linnaosa";"";"";"";"040A";"Vana-Lõuna tn";"Vana-Lõuna tänav";"";"";"";"";"";"";"";"";""
129644;"LP00014175";"LP";"2116802";;"19.02.2004 05:33:46";"K";108867;"377840614000003VA0000000000000000";"Harju maakond, Tallinna linn, Põhja-Tallinna linnaosa, Väike-Laagri tn";"Väike-Laagri tn";"K";541853,54;6590089,40;"37";"Harju maakond";"Harju maakond";"784";"Tallinna linn";"Tallinna linn";"0614";"Põhja-Tallinna linnaosa";"Põhja-Tallinna linnaosa";"";"";"";"03VA";"Väike-Laagri tn";"Väike-Laagri tänav";"";"";"";"";"";"";"";"";""
128925;"LP00023554";"LP";"2618363";;"28.05.2004 10:09:51";"K";111014;"377840176000004EV0000000000000000";"Harju maakond, Tallinna linn, Haabersti linnaosa, Mäekõrtsi tn";"Mäekõrtsi tn";"K";536557,01;6587687,03;"37";"Harju maakond";"Harju maakond";"784";"Tallinna linn";"Tallinna linn";"0176";"Haabersti linnaosa";"Haabersti linnaosa";"";"";"";"04EV";"Mäekõrtsi tn";"Mäekõrtsi tänav";"";"";"";"";"";"";"";"";""
128951;"LP00012882";"LP";"2614677";;"28.05.2004 09:55:16";"K";115299;"377840176000004J70000000000000000";"Harju maakond, Tallinna linn, Haabersti linnaosa, Rannaniidu tn";"Rannaniidu tn";"K";532084,08;6589037,43;"37";"Harju maakond";"Harju maakond";"784";"Tallinna linn";"Tallinna linn";"0176";"Haabersti linnaosa";"Haabersti linnaosa";"";"";"";"04J7";"Rannaniidu tn";"Rannaniidu tänav";"";"";"";"";"";"";"";"";""
123574;"LP00019080";"LP";"2106531";;"19.02.2004 02:08:21";"K";116337;"377840596000004450000000000000000";"Harju maakond, Tallinna linn, Pirita linnaosa, Lõosilma tee";"Lõosilma tee";"K";550155,32;6591342,25;"37";"Harju maakond";"Harju maakond";"784";"Tallinna linn";"Tallinna linn";"0596";"Pirita linnaosa";"Pirita linnaosa";"";"";"";"0445";"Lõosilma tee";"Lõosilma tee";"";"";"";"";"";"";"";"";""
117684;"LP00011892";"LP";"2604218";;"23.04.2004 14:44:04";"K";114855;"377840339000001L00000000000000000";"Harju maakond, Tallinna linn, Kristiine linnaosa, Kure tn";"Kure tn";"K";539961,36;6586609,71;"37";"Harju maakond";"Harju maakond";"784";"Tallinna linn";"Tallinna linn";"0339";"Kristiine linnaosa";"Kristiine linnaosa";"";"";"";"01L0";"Kure tn";"Kure tänav";"";"";"";"";"";"";"";"";""
121980;"LP00017159";"LP";"2102528";;"19.02.2004 00:34:07";"K";110541;"377840339000006230000000000000000";"Harju maakond, Tallinna linn, Kristiine linnaosa, Lagle pst";"Lagle pst";"K";541251,06;6586981,83;"37";"Harju maakond";"Harju maakond";"784";"Tallinna linn";"Tallinna linn";"0339";"Kristiine linnaosa";"Kristiine linnaosa";"";"";"";"0623";"Lagle pst";"Lagle puiestee";"";"";"";"";"";"";"";"";""
118746;"LP00013194";"LP";"2113852";;"19.02.2004 04:20:39";"K";108503;"3778402980000049Z0000000000000000";"Harju maakond, Tallinna linn, Kesklinna linnaosa, Oru tn";"Oru tn";"K";545485,64;6589647,61;"37";"Harju maakond";"Harju maakond";"784";"Tallinna linn";"Tallinna linn";"0298";"Kesklinna linnaosa";"Kesklinna linnaosa";"";"";"";"049Z";"Oru tn";"Oru tänav";"";"";"";"";"";"";"";"";""
121987;"LP00017168";"LP";"2612468";;"28.05.2004 09:51:04";"K";110619;"3778402980000060M0000000000000000";"Harju maakond, Tallinna linn, Kesklinna linnaosa, Uus-Sadama tn";"Uus-Sadama tn";"K";543756,11;6589516,37;"37";"Harju maakond";"Harju maakond";"784";"Tallinna linn";"Tallinna linn";"0298";"Kesklinna linnaosa";"Kesklinna linnaosa";"";"";"";"060M";"Uus-Sadama tn";"Uus-Sadama tänav";"";"";"";"";"";"";"";"";""
122015;"LP00017202";"LP";"2614738";;"28.05.2004 10:09:48";"K";110996;"377840176000004ED0000000000000000";"Harju maakond, Tallinna linn, Haabersti linnaosa, Kahva tn";"Kahva tn";"K";533552,92;6590527,09;"37";"Harju maakond";"Harju maakond";"784";"Tallinna linn";"Tallinna linn";"0176";"Haabersti linnaosa";"Haabersti linnaosa";"";"";"";"04ED";"Kahva tn";"Kahva tänav";"";"";"";"";"";"";"";"";""
118753;"LP00013203";"LP";"2104856";;"19.02.2004 01:28:07";"K";118899;"377840387000003K00000000000000000";"Harju maakond, Tallinna linn, Lasnamäe linnaosa, Alvari tn";"Alvari tn";"K";547796,85;6590029,06;"37";"Harju maakond";"Harju maakond";"784";"Tallinna linn";"Tallinna linn";"0387";"Lasnamäe linnaosa";"Lasnamäe linnaosa";"";"";"";"03K0";"Alvari tn";"Alvari tänav";"";"";"";"";"";"";"";"";""
119681;"LP00014342";"LP";"2614902";;"28.05.2004 09:55:20";"K";110713;"377840596000004JY0000000000000000";"Harju maakond, Tallinna linn, Pirita linnaosa, Siniladva tee";"Siniladva tee";"K";548504,38;6594729,48;"37";"Harju maakond";"Harju maakond";"784";"Tallinna linn";"Tallinna linn";"0596";"Pirita linnaosa";"Pirita linnaosa";"";"";"";"04JY";"Siniladva tee";"Siniladva tee";"";"";"";"";"";"";"";"";""
117514;"LP00011685";"LP";"3270472";;"11.09.2007 15:27:13";"K";112463;"377840596000004H10000000000000000";"Harju maakond, Tallinna linn, Pirita linnaosa, Kose põik";"Kose põik";"K";547950,71;6591768,34;"37";"Harju maakond";"Harju maakond";"784";"Tallinna linn";"Tallinna linn";"0596";"Pirita linnaosa";"Pirita linnaosa";"";"";"";"04H1";"Kose põik";"Kose põik";"";"";"";"";"";"";"";"";""
118754;"LP00013204";"LP";"2107584";;"19.02.2004 02:26:19";"K";118457;"377840596000004910000000000000000";"Harju maakond, Tallinna linn, Pirita linnaosa, Haaviku põik";"Haaviku põik";"K";547858,03;6595027,22;"37";"Harju maakond";"Harju maakond";"784";"Tallinna linn";"Tallinna linn";"0596";"Pirita linnaosa";"Pirita linnaosa";"";"";"";"0491";"Haaviku põik";"Haaviku põik";"";"";"";"";"";"";"";"";""
123638;"LP00019153";"LP";"2111154";;"19.02.2004 03:11:04";"K";116735;"377840176000003JB0000000000000000";"Harju maakond, Tallinna linn, Haabersti linnaosa, Liivaranna tee";"Liivaranna tee";"K";532450,66;6591251,38;"37";"Harju maakond";"Harju maakond";"784";"Tallinna linn";"Tallinna linn";"0176";"Haabersti linnaosa";"Haabersti linnaosa";"";"";"";"03JB";"Liivaranna tee";"Liivaranna tee";"";"";"";"";"";"";"";"";""
117987;"LP00012263";"LP";"2110971";;"19.02.2004 03:09:32";"K";108662;"377840176000004810000000000000000";"Harju maakond, Tallinna linn, Haabersti linnaosa, Kätki tn";"Kätki tn";"K";535704,28;6588515,29;"37";"Harju maakond";"Harju maakond";"784";"Tallinna linn";"Tallinna linn";"0176";"Haabersti linnaosa";"Haabersti linnaosa";"";"";"";"0481";"Kätki tn";"Kätki tänav";"";"";"";"";"";"";"";"";""
117989;"LP00012265";"LP";"2114015";;"19.02.2004 04:23:09";"K";116730;"3778402980000046X0000000000000000";"Harju maakond, Tallinna linn, Kesklinna linnaosa, Lahe tn";"Lahe tn";"K";544468,52;6589326,37;"37";"Harju maakond";"Harju maakond";"784";"Tallinna linn";"Tallinna linn";"0298";"Kesklinna linnaosa";"Kesklinna linnaosa";"";"";"";"046X";"Lahe tn";"Lahe tänav";"";"";"";"";"";"";"";"";""
117992;"LP00012269";"LP";"2119415";;"19.02.2004 06:36:53";"K";108706;"377840524000004200000000000000000";"Harju maakond, Tallinna linn, Nõmme linnaosa, Kitsas tn";"Kitsas tn";"K";539745,23;6583708,03;"37";"Harju maakond";"Harju maakond";"784";"Tallinna linn";"Tallinna linn";"0524";"Nõmme linnaosa";"Nõmme linnaosa";"";"";"";"0420";"Kitsas tn";"Kitsas tänav";"";"";"";"";"";"";"";"";""
117993;"LP00012270";"LP";"2116663";;"19.02.2004 05:32:04";"K";108717;"3778406140000047H0000000000000000";"Harju maakond, Tallinna linn, Põhja-Tallinna linnaosa, Taime tn";"Taime tn";"K";540398,06;6589743,21;"37";"Harju maakond";"Harju maakond";"784";"Tallinna linn";"Tallinna linn";"0614";"Põhja-Tallinna linnaosa";"Põhja-Tallinna linnaosa";"";"";"";"047H";"Taime tn";"Taime tänav";"";"";"";"";"";"";"";"";""
118505;"LP00012897";"LP";"2104770";;"19.02.2004 01:26:08";"K";115423;"3778403870000063B0000000000000000";"Harju maakond, Tallinna linn, Lasnamäe linnaosa, Vana-Kuuli tn";"Vana-Kuuli tn";"K";546896,86;6590006,16;"37";"Harju maakond";"Harju maakond";"784";"Tallinna linn";"Tallinna linn";"0387";"Lasnamäe linnaosa";"Lasnamäe linnaosa";"";"";"";"063B";"Vana-Kuuli tn";"Vana-Kuuli tänav";"";"";"";"";"";"";"";"";""
120643;"LP00015520";"LP";"2111067";;"19.02.2004 03:10:18";"K";116844;"377840176000003NE0000000000000000";"Harju maakond, Tallinna linn, Haabersti linnaosa, Merihärja tn";"Merihärja tn";"K";532915,32;6590757,51;"37";"Harju maakond";"Harju maakond";"784";"Tallinna linn";"Tallinna linn";"0176";"Haabersti linnaosa";"Haabersti linnaosa";"";"";"";"03NE";"Merihärja tn";"Merihärja tänav";"";"";"";"";"";"";"";"";""
119359;"LP00013946";"LP";"2608100";;"14.05.2004 20:27:01";"K";106522;"377840176000001MZ0000000000000000";"Harju maakond, Tallinna linn, Haabersti linnaosa, Vainutalu tn";"Vainutalu tn";"K";533000,99;6590309,66;"37";"Harju maakond";"Harju maakond";"784";"Tallinna linn";"Tallinna linn";"0176";"Haabersti linnaosa";"Haabersti linnaosa";"";"";"";"01MZ";"Vainutalu tn";"Vainutalu tänav";"";"";"";"";"";"";"";"";""
120668;"LP00015550";"LP";"2106559";;"19.02.2004 02:08:43";"K";114161;"3778405960000042Z0000000000000000";"Harju maakond, Tallinna linn, Pirita linnaosa, Kõdra tee";"Kõdra tee";"K";549712,51;6595212,68;"37";"Harju maakond";"Harju maakond";"784";"Tallinna linn";"Tallinna linn";"0596";"Pirita linnaosa";"Pirita linnaosa";"";"";"";"042Z";"Kõdra tee";"Kõdra tee";"";"";"";"";"";"";"";"";""
120669;"LP00015552";"LP";"2116661";;"19.02.2004 05:32:03";"K";114181;"3778406140000047I0000000000000000";"Harju maakond, Tallinna linn, Põhja-Tallinna linnaosa, Telliskivi tn";"Telliskivi tn";"K";541042,64;6589056,35;"37";"Harju maakond";"Harju maakond";"784";"Tallinna linn";"Tallinna linn";"0614";"Põhja-Tallinna linnaosa";"Põhja-Tallinna linnaosa";"";"";"";"047I";"Telliskivi tn";"Telliskivi tänav";"";"";"";"";"";"";"";"";""
120432;"LP00015261";"LP";"2104665";;"19.02.2004 01:23:54";"K";118302;"377840387000003WY0000000000000000";"Harju maakond, Tallinna linn, Lasnamäe linnaosa, Paekaare tn";"Paekaare tn";"K";547005,97;6588997,23;"37";"Harju maakond";"Harju maakond";"784";"Tallinna linn";"Tallinna linn";"0387";"Lasnamäe linnaosa";"Lasnamäe linnaosa";"";"";"";"03WY";"Paekaare tn";"Paekaare tänav";"";"";"";"";"";"";"";"";""
2048527;"ER01718068";"ER";"101018321-2057218";;"21.11.2008 07:06:14";"K";1264538;"377840482000001JS00003IGOAE6O0000";"Harju maakond, Tallinna linn, Mustamäe linnaosa, Sõpruse pst 167-51";"Sõpruse pst 167-51";"K";540038,78;6585810,20;"37";"Harju maakond";"Harju maakond";"784";"Tallinna linn";"Tallinna linn";"0482";"Mustamäe linnaosa";"Mustamäe linnaosa";"";"";"";"01JS";"Sõpruse pst";"Sõpruse puiestee";"";"";"";"3IGO";"167";"167";"AE6O";"51";"51"
117589;"LP00011777";"LP";"2107860";;"19.02.2004 02:31:39";"K";116652;"377840596000003Z80000000000000000";"Harju maakond, Tallinna linn, Pirita linnaosa, Punga tn";"Punga tn";"K";546990,35;6591294,78;"37";"Harju maakond";"Harju maakond";"784";"Tallinna linn";"Tallinna linn";"0596";"Pirita linnaosa";"Pirita linnaosa";"";"";"";"03Z8";"Punga tn";"Punga tänav";"";"";"";"";"";"";"";"";""
118939;"LP00013432";"LP";"2614837";;"28.05.2004 09:55:22";"K";117658;"377840596000004KE0000000000000000";"Harju maakond, Tallinna linn, Pirita linnaosa, Toomiku tee";"Toomiku tee";"K";547746,67;6594362;"37";"Harju maakond";"Harju maakond";"784";"Tallinna linn";"Tallinna linn";"0596";"Pirita linnaosa";"Pirita linnaosa";"";"";"";"04KE";"Toomiku tee";"Toomiku tee";"";"";"";"";"";"";"";"";""
122916;"LP00018302";"LP";"2113992";;"19.02.2004 04:22:50";"K";112895;"377840298000004AV0000000000000000";"Harju maakond, Tallinna linn, Kesklinna linnaosa, Tina tn";"Tina tn";"K";543883,93;6588987,83;"37";"Harju maakond";"Harju maakond";"784";"Tallinna linn";"Tallinna linn";"0298";"Kesklinna linnaosa";"Kesklinna linnaosa";"";"";"";"04AV";"Tina tn";"Tina tänav";"";"";"";"";"";"";"";"";""
121257;"LP00016274";"LP";"2102223";;"19.02.2004 00:25:32";"K";117713;"377840339000004030000000000000000";"Harju maakond, Tallinna linn, Kristiine linnaosa, Mõtuse tn";"Mõtuse tn";"K";540383,71;6587119,07;"37";"Harju maakond";"Harju maakond";"784";"Tallinna linn";"Tallinna linn";"0339";"Kristiine linnaosa";"Kristiine linnaosa";"";"";"";"0403";"Mõtuse tn";"Mõtuse tänav";"";"";"";"";"";"";"";"";""
121942;"LP00017113";"LP";"2119744";;"19.02.2004 06:46:14";"K";110070;"377840524000003R50000000000000000";"Harju maakond, Tallinna linn, Nõmme linnaosa, Tungla tn";"Tungla tn";"K";537483,24;6581329,79;"37";"Harju maakond";"Harju maakond";"784";"Tallinna linn";"Tallinna linn";"0524";"Nõmme linnaosa";"Nõmme linnaosa";"";"";"";"03R5";"Tungla tn";"Tungla tänav";"";"";"";"";"";"";"";"";""
124557;"LP00020195";"LP";"2106326";;"19.02.2004 02:03:05";"K";108629;"3778405960000041L0000000000000000";"Harju maakond, Tallinna linn, Pirita linnaosa, Ida tee";"Ida tee";"K";547875,48;6595335,71;"37";"Harju maakond";"Harju maakond";"784";"Tallinna linn";"Tallinna linn";"0596";"Pirita linnaosa";"Pirita linnaosa";"";"";"";"041L";"Ida tee";"Ida tee";"";"";"";"";"";"";"";"";""
119525;"LP00014151";"LP";"2104783";;"19.02.2004 01:26:27";"K";108578;"377840387000003K40000000000000000";"Harju maakond, Tallinna linn, Lasnamäe linnaosa, Gaasi tn";"Gaasi tn";"K";548458,76;6588222,32;"37";"Harju maakond";"Harju maakond";"784";"Tallinna linn";"Tallinna linn";"0387";"Lasnamäe linnaosa";"Lasnamäe linnaosa";"";"";"";"03K4";"Gaasi tn";"Gaasi tänav";"";"";"";"";"";"";"";"";""
123178;"LP00018622";"LP";"2114738";;"19.02.2004 04:41:32";"K";116237;"377840298000003LD0000000000000000";"Harju maakond, Tallinna linn, Kesklinna linnaosa, Falgi tee";"Falgi tee";"K";541701,02;6588781,51;"37";"Harju maakond";"Harju maakond";"784";"Tallinna linn";"Tallinna linn";"0298";"Kesklinna linnaosa";"Kesklinna linnaosa";"";"";"";"03LD";"Falgi tee";"Falgi tee";"";"";"";"";"";"";"";"";""
122347;"LP00017609";"LP";"2118706";;"19.02.2004 06:24:29";"K";115723;"377840524000003TE0000000000000000";"Harju maakond, Tallinna linn, Nõmme linnaosa, Saagi tn";"Saagi tn";"K";535936,94;6579833,96;"37";"Harju maakond";"Harju maakond";"784";"Tallinna linn";"Tallinna linn";"0524";"Nõmme linnaosa";"Nõmme linnaosa";"";"";"";"03TE";"Saagi tn";"Saagi tänav";"";"";"";"";"";"";"";"";""
122515;"LP00017815";"LP";"2562361";;"01.04.2004 20:25:22";"K";107842;"377840298000004740000000000000000";"Harju maakond, Tallinna linn, Kesklinna linnaosa, Lossi plats";"Lossi plats";"K";541920,12;6588887,68;"37";"Harju maakond";"Harju maakond";"784";"Tallinna linn";"Tallinna linn";"0298";"Kesklinna linnaosa";"Kesklinna linnaosa";"";"";"";"0474";"Lossi plats";"Lossi plats";"";"";"";"";"";"";"";"";""
121039;"LP00016005";"LP";"2119273";;"19.02.2004 06:34:08";"K";108699;"3778405240000041F0000000000000000";"Harju maakond, Tallinna linn, Nõmme linnaosa, Hommiku tn";"Hommiku tn";"K";536134,40;6582496,17;"37";"Harju maakond";"Harju maakond";"784";"Tallinna linn";"Tallinna linn";"0524";"Nõmme linnaosa";"Nõmme linnaosa";"";"";"";"041F";"Hommiku tn";"Hommiku tänav";"";"";"";"";"";"";"";"";""
125785;"LP00021457";"LP";"2113862";;"19.02.2004 04:20:47";"K";118780;"377840298000004760000000000000000";"Harju maakond, Tallinna linn, Kesklinna linnaosa, Luite tn";"Luite tn";"K";542528,18;6586073,22;"37";"Harju maakond";"Harju maakond";"784";"Tallinna linn";"Tallinna linn";"0298";"Kesklinna linnaosa";"Kesklinna linnaosa";"";"";"";"0476";"Luite tn";"Luite tänav";"";"";"";"";"";"";"";"";""
123197;"LP00018646";"LP";"2107003";;"19.02.2004 02:15:48";"K";116779;"377840596000003JC0000000000000000";"Harju maakond, Tallinna linn, Pirita linnaosa, Lilleherne tee";"Lilleherne tee";"K";550335,58;6594778,73;"37";"Harju maakond";"Harju maakond";"784";"Tallinna linn";"Tallinna linn";"0596";"Pirita linnaosa";"Pirita linnaosa";"";"";"";"03JC";"Lilleherne tee";"Lilleherne tee";"";"";"";"";"";"";"";"";""
122579;"LP00017893";"LP";"2106261";;"19.02.2004 02:01:48";"K";118905;"377840596000004290000000000000000";"Harju maakond, Tallinna linn, Pirita linnaosa, Kressi tee";"Kressi tee";"K";549426,28;6594946,35;"37";"Harju maakond";"Harju maakond";"784";"Tallinna linn";"Tallinna linn";"0596";"Pirita linnaosa";"Pirita linnaosa";"";"";"";"0429";"Kressi tee";"Kressi tee";"";"";"";"";"";"";"";"";""
125860;"LP00021533";"LP";"2120248";;"19.02.2004 06:56:35";"K";117559;"377840524000003QW0000000000000000";"Harju maakond, Tallinna linn, Nõmme linnaosa, Tiiru tn";"Tiiru tn";"K";539170,87;6583241,19;"37";"Harju maakond";"Harju maakond";"784";"Tallinna linn";"Tallinna linn";"0524";"Nõmme linnaosa";"Nõmme linnaosa";"";"";"";"03QW";"Tiiru tn";"Tiiru tänav";"";"";"";"";"";"";"";"";""
123071;"LP00018491";"LP";"2111074";;"19.02.2004 03:10:21";"K";114851;"377840176000003P70000000000000000";"Harju maakond, Tallinna linn, Haabersti linnaosa, Järveotsa tee";"Järveotsa tee";"K";537141,26;6586061,65;"37";"Harju maakond";"Harju maakond";"784";"Tallinna linn";"Tallinna linn";"0176";"Haabersti linnaosa";"Haabersti linnaosa";"";"";"";"03P7";"Järveotsa tee";"Järveotsa tee";"";"";"";"";"";"";"";"";""
127548;"LP00022904";"LP";"2119227";;"19.02.2004 06:33:14";"K";115442;"377840524000004DX0000000000000000";"Harju maakond, Tallinna linn, Nõmme linnaosa, Karusmarja tn";"Karusmarja tn";"K";540731,93;6582673,92;"37";"Harju maakond";"Harju maakond";"784";"Tallinna linn";"Tallinna linn";"0524";"Nõmme linnaosa";"Nõmme linnaosa";"";"";"";"04DX";"Karusmarja tn";"Karusmarja tänav";"";"";"";"";"";"";"";"";""
121410;"LP00016462";"LP";"2614863";;"28.05.2004 10:09:49";"K";113224;"377840176000004EF0000000000000000";"Harju maakond, Tallinna linn, Haabersti linnaosa, Kiini tn";"Kiini tn";"K";534097,75;6589057,60;"37";"Harju maakond";"Harju maakond";"784";"Tallinna linn";"Tallinna linn";"0176";"Haabersti linnaosa";"Haabersti linnaosa";"";"";"";"04EF";"Kiini tn";"Kiini tänav";"";"";"";"";"";"";"";"";""
128233;"LP00023284";"LP";"2102181";;"19.02.2004 00:24:33";"K";113157;"3778403390000045E0000000000000000";"Harju maakond, Tallinna linn, Kristiine linnaosa, Talviku tn";"Talviku tn";"K";540916,06;6587531,99;"37";"Harju maakond";"Harju maakond";"784";"Tallinna linn";"Tallinna linn";"0339";"Kristiine linnaosa";"Kristiine linnaosa";"";"";"";"045E";"Talviku tn";"Talviku tänav";"";"";"";"";"";"";"";"";""
128245;"LP00023296";"LP";"2604183";;"23.04.2004 14:43:53";"K";113556;"377840387000001KZ0000000000000000";"Harju maakond, Tallinna linn, Lasnamäe linnaosa, Turba tn";"Turba tn";"K";546429,07;6589747,62;"37";"Harju maakond";"Harju maakond";"784";"Tallinna linn";"Tallinna linn";"0387";"Lasnamäe linnaosa";"Lasnamäe linnaosa";"";"";"";"01KZ";"Turba tn";"Turba tänav";"";"";"";"";"";"";"";"";""
117976;"LP00012249";"LP";"2117033";;"19.02.2004 05:38:22";"K";108545;"3778406140000044X0000000000000000";"Harju maakond, Tallinna linn, Põhja-Tallinna linnaosa, Paavli tn";"Paavli tn";"K";540039,62;6590291,59;"37";"Harju maakond";"Harju maakond";"784";"Tallinna linn";"Tallinna linn";"0614";"Põhja-Tallinna linnaosa";"Põhja-Tallinna linnaosa";"";"";"";"044X";"Paavli tn";"Paavli tänav";"";"";"";"";"";"";"";"";""
123143;"LP00018579";"LP";"2118726";;"19.02.2004 06:24:55";"K";118813;"3778405240000048X0000000000000000";"Harju maakond, Tallinna linn, Nõmme linnaosa, Edu tn";"Edu tn";"K";539467,63;6582007,53;"37";"Harju maakond";"Harju maakond";"784";"Tallinna linn";"Tallinna linn";"0524";"Nõmme linnaosa";"Nõmme linnaosa";"";"";"";"048X";"Edu tn";"Edu tänav";"";"";"";"";"";"";"";"";""
124352;"LP00019970";"LP";"2106236";;"19.02.2004 02:01:25";"K";108614;"3778405960000042G0000000000000000";"Harju maakond, Tallinna linn, Pirita linnaosa, Kummeli tee";"Kummeli tee";"K";549029,59;6594979,56;"37";"Harju maakond";"Harju maakond";"784";"Tallinna linn";"Tallinna linn";"0596";"Pirita linnaosa";"Pirita linnaosa";"";"";"";"042G";"Kummeli tee";"Kummeli tee";"";"";"";"";"";"";"";"";""
127316;"LP00022744";"LP";"2118784";;"19.02.2004 06:25:41";"K";112916;"377840524000003Q80000000000000000";"Harju maakond, Tallinna linn, Nõmme linnaosa, Värsi tn";"Värsi tn";"K";536965,69;6582094,25;"37";"Harju maakond";"Harju maakond";"784";"Tallinna linn";"Tallinna linn";"0524";"Nõmme linnaosa";"Nõmme linnaosa";"";"";"";"03Q8";"Värsi tn";"Värsi tänav";"";"";"";"";"";"";"";"";""
121845;"LP00016993";"LP";"2119450";;"19.02.2004 06:38:02";"K";108708;"377840524000004DV0000000000000000";"Harju maakond, Tallinna linn, Nõmme linnaosa, Kanarbiku tn";"Kanarbiku tn";"K";536493,86;6583044,57;"37";"Harju maakond";"Harju maakond";"784";"Tallinna linn";"Tallinna linn";"0524";"Nõmme linnaosa";"Nõmme linnaosa";"";"";"";"04DV";"Kanarbiku tn";"Kanarbiku tänav";"";"";"";"";"";"";"";"";""
128285;"LP00011723";"LP";"2106311";;"19.02.2004 02:02:38";"K";117964;"3778405960000042M0000000000000000";"Harju maakond, Tallinna linn, Pirita linnaosa, Kuslapuu tn";"Kuslapuu tn";"K";547294,26;6591165,41;"37";"Harju maakond";"Harju maakond";"784";"Tallinna linn";"Tallinna linn";"0596";"Pirita linnaosa";"Pirita linnaosa";"";"";"";"042M";"Kuslapuu tn";"Kuslapuu tänav";"";"";"";"";"";"";"";"";""
2700396;"ME00647206";"ME";"101029277";;"15.04.2010 12:05:59";"K";265913;"3778403390000040300000TEP00000000";"Harju maakond, Tallinna linn, Kristiine linnaosa, Mõtuse tn 20";"Mõtuse tn 20";"K";;;"37";"Harju maakond";"Harju maakond";"784";"Tallinna linn";"Tallinna linn";"0339";"Kristiine linnaosa";"Kristiine linnaosa";"";"";"";"0403";"Mõtuse tn";"Mõtuse tänav";"";"";"";"0TEP";"20";"20";"";"";""
121850;"LP00016999";"LP";"2110936";;"19.02.2004 03:09:14";"K";108799;"3778401760000046B0000000000000000";"Harju maakond, Tallinna linn, Haabersti linnaosa, Humala tn";"Humala tn";"K";539132,72;6587912,65;"37";"Harju maakond";"Harju maakond";"784";"Tallinna linn";"Tallinna linn";"0176";"Haabersti linnaosa";"Haabersti linnaosa";"";"";"";"046B";"Humala tn";"Humala tänav";"";"";"";"";"";"";"";"";""
121853;"LP00017003";"LP";"2118607";;"19.02.2004 06:22:12";"K";108834;"377840524000004280000000000000000";"Harju maakond, Tallinna linn, Nõmme linnaosa, Kreegi tn";"Kreegi tn";"K";540084,49;6582233,70;"37";"Harju maakond";"Harju maakond";"784";"Tallinna linn";"Tallinna linn";"0524";"Nõmme linnaosa";"Nõmme linnaosa";"";"";"";"0428";"Kreegi tn";"Kreegi tänav";"";"";"";"";"";"";"";"";""
125957;"LP00021631";"LP";"2615044";;"28.05.2004 09:55:14";"K";114000;"377840176000004IX0000000000000000";"Harju maakond, Tallinna linn, Haabersti linnaosa, Põlde tn";"Põlde tn";"K";533261,13;6589694,61;"37";"Harju maakond";"Harju maakond";"784";"Tallinna linn";"Tallinna linn";"0176";"Haabersti linnaosa";"Haabersti linnaosa";"";"";"";"04IX";"Põlde tn";"Põlde tänav";"";"";"";"";"";"";"";"";""
125996;"LP00021671";"LP";"2615171";;"28.05.2004 09:55:21";"K";116499;"377840176000004K70000000000000000";"Harju maakond, Tallinna linn, Haabersti linnaosa, Sädeme tn";"Sädeme tn";"K";535070,36;6588587;"37";"Harju maakond";"Harju maakond";"784";"Tallinna linn";"Tallinna linn";"0176";"Haabersti linnaosa";"Haabersti linnaosa";"";"";"";"04K7";"Sädeme tn";"Sädeme tänav";"";"";"";"";"";"";"";"";""
125999;"LP00021674";"LP";"2113953";;"19.02.2004 04:22:16";"K";115239;"377840298000003OY0000000000000000";"Harju maakond, Tallinna linn, Kesklinna linnaosa, Laulupeo tn";"Laulupeo tn";"K";544006,55;6588482,11;"37";"Harju maakond";"Harju maakond";"784";"Tallinna linn";"Tallinna linn";"0298";"Kesklinna linnaosa";"Kesklinna linnaosa";"";"";"";"03OY";"Laulupeo tn";"Laulupeo tänav";"";"";"";"";"";"";"";"";""
123279;"LP00018738";"LP";"2118861";;"19.02.2004 06:26:50";"K";108883;"377840524000003SX0000000000000000";"Harju maakond, Tallinna linn, Nõmme linnaosa, Rajametsa tn";"Rajametsa tn";"K";535970,31;6583327,31;"37";"Harju maakond";"Harju maakond";"784";"Tallinna linn";"Tallinna linn";"0524";"Nõmme linnaosa";"Nõmme linnaosa";"";"";"";"03SX";"Rajametsa tn";"Rajametsa tänav";"";"";"";"";"";"";"";"";""
129414;"LP00013751";"LP";"2602985";;"22.04.2004 14:53:10";"K";114442;"377840614000001L30000000000000000";"Harju maakond, Tallinna linn, Põhja-Tallinna linnaosa, Soo tn";"Soo tn";"K";541917,01;6590012,37;"37";"Harju maakond";"Harju maakond";"784";"Tallinna linn";"Tallinna linn";"0614";"Põhja-Tallinna linnaosa";"Põhja-Tallinna linnaosa";"";"";"";"01L3";"Soo tn";"Soo tänav";"";"";"";"";"";"";"";"";""
125317;"LP00020984";"LP";"2119103";;"19.02.2004 06:30:53";"K";116512;"377840524000003QE0000000000000000";"Harju maakond, Tallinna linn, Nõmme linnaosa, Võsu tn";"Võsu tn";"K";538493,08;6583244,90;"37";"Harju maakond";"Harju maakond";"784";"Tallinna linn";"Tallinna linn";"0524";"Nõmme linnaosa";"Nõmme linnaosa";"";"";"";"03QE";"Võsu tn";"Võsu tänav";"";"";"";"";"";"";"";"";""
126335;"LP00022015";"LP";"2116652";;"19.02.2004 05:32:00";"K";117458;"3778406140000047O0000000000000000";"Harju maakond, Tallinna linn, Põhja-Tallinna linnaosa, Uus-Kalamaja tn";"Uus-Kalamaja tn";"K";541687,64;6590225,35;"37";"Harju maakond";"Harju maakond";"784";"Tallinna linn";"Tallinna linn";"0614";"Põhja-Tallinna linnaosa";"Põhja-Tallinna linnaosa";"";"";"";"047O";"Uus-Kalamaja tn";"Uus-Kalamaja tänav";"";"";"";"";"";"";"";"";""
126929;"LP00022475";"LP";"2613037";;"28.05.2004 09:52:41";"K";118844;"3778405240000061Y0000000000000000";"Harju maakond, Tallinna linn, Nõmme linnaosa, Võidu tn";"Võidu tn";"K";540614,97;6582606,94;"37";"Harju maakond";"Harju maakond";"784";"Tallinna linn";"Tallinna linn";"0524";"Nõmme linnaosa";"Nõmme linnaosa";"";"";"";"061Y";"Võidu tn";"Võidu tänav";"";"";"";"";"";"";"";"";""
129508;"LP00018557";"LP";"2114521";;"19.02.2004 04:35:59";"K";115709;"3778402980000049N0000000000000000";"Harju maakond, Tallinna linn, Kesklinna linnaosa, Masina tn";"Masina tn";"K";543950,39;6587842,09;"37";"Harju maakond";"Harju maakond";"784";"Tallinna linn";"Tallinna linn";"0298";"Kesklinna linnaosa";"Kesklinna linnaosa";"";"";"";"049N";"Masina tn";"Masina tänav";"";"";"";"";"";"";"";"";""
125328;"LP00020995";"LP";"2116720";;"19.02.2004 05:32:35";"K";108846;"377840614000004590000000000000000";"Harju maakond, Tallinna linn, Põhja-Tallinna linnaosa, Sirbi tn";"Sirbi tn";"K";538609,53;6590729,47;"37";"Harju maakond";"Harju maakond";"784";"Tallinna linn";"Tallinna linn";"0614";"Põhja-Tallinna linnaosa";"Põhja-Tallinna linnaosa";"";"";"";"0459";"Sirbi tn";"Sirbi tänav";"";"";"";"";"";"";"";"";""
128794;"LP00017130";"LP";"2116690";;"19.02.2004 05:32:17";"K";110232;"377840614000003X50000000000000000";"Harju maakond, Tallinna linn, Põhja-Tallinna linnaosa, Puhangu tn";"Puhangu tn";"K";539617,80;6589939,13;"37";"Harju maakond";"Harju maakond";"784";"Tallinna linn";"Tallinna linn";"0614";"Põhja-Tallinna linnaosa";"Põhja-Tallinna linnaosa";"";"";"";"03X5";"Puhangu tn";"Puhangu tänav";"";"";"";"";"";"";"";"";""
126126;"LP00021802";"LP";"2113915";;"19.02.2004 04:21:36";"K";108517;"377840298000005Y00000000000000000";"Harju maakond, Tallinna linn, Kesklinna linnaosa, Komeedi tn";"Komeedi tn";"K";541386,51;6587923,84;"37";"Harju maakond";"Harju maakond";"784";"Tallinna linn";"Tallinna linn";"0298";"Kesklinna linnaosa";"Kesklinna linnaosa";"";"";"";"05Y0";"Komeedi tn";"Komeedi tänav";"";"";"";"";"";"";"";"";""
129073;"LP00023559";"LP";"2119504";;"19.02.2004 06:39:33";"K";108715;"377840524000004170000000000000000";"Harju maakond, Tallinna linn, Nõmme linnaosa, Metsaveere tn";"Metsaveere tn";"K";535762,43;6581978,02;"37";"Harju maakond";"Harju maakond";"784";"Tallinna linn";"Tallinna linn";"0524";"Nõmme linnaosa";"Nõmme linnaosa";"";"";"";"0417";"Metsaveere tn";"Metsaveere tänav";"";"";"";"";"";"";"";"";""
129198;"LP00013390";"LP";"2120997";;"19.02.2004 07:12:04";"K";117558;"3778405240000049E0000000000000000";"Harju maakond, Tallinna linn, Nõmme linnaosa, Hiidtamme tn";"Hiidtamme tn";"K";543071,34;6581292,37;"37";"Harju maakond";"Harju maakond";"784";"Tallinna linn";"Tallinna linn";"0524";"Nõmme linnaosa";"Nõmme linnaosa";"";"";"";"049E";"Hiidtamme tn";"Hiidtamme tänav";"";"";"";"";"";"";"";"";""
118565;"LP00012971";"LP";"2110761";;"19.02.2004 03:07:46";"K";116341;"377840176000003N20000000000000000";"Harju maakond, Tallinna linn, Haabersti linnaosa, Vana-Rannamõisa tee";"Vana-Rannamõisa tee";"K";535291,01;6588372,27;"37";"Harju maakond";"Harju maakond";"784";"Tallinna linn";"Tallinna linn";"0176";"Haabersti linnaosa";"Haabersti linnaosa";"";"";"";"03N2";"Vana-Rannamõisa tee";"Vana-Rannamõisa tee";"";"";"";"";"";"";"";"";""
128405;"LP00023316";"LP";"2118866";;"19.02.2004 06:26:53";"K";114291;"377840524000004DR0000000000000000";"Harju maakond, Tallinna linn, Nõmme linnaosa, Kalda tn";"Kalda tn";"K";535534,91;6582187,89;"37";"Harju maakond";"Harju maakond";"784";"Tallinna linn";"Tallinna linn";"0524";"Nõmme linnaosa";"Nõmme linnaosa";"";"";"";"04DR";"Kalda tn";"Kalda tänav";"";"";"";"";"";"";"";"";""
126421;"LP00022102";"LP";"2111567";;"19.02.2004 03:15:10";"K";117085;"377840176000003JR0000000000000000";"Harju maakond, Tallinna linn, Haabersti linnaosa, Pirni tn";"Pirni tn";"K";539662,87;6587920,47;"37";"Harju maakond";"Harju maakond";"784";"Tallinna linn";"Tallinna linn";"0176";"Haabersti linnaosa";"Haabersti linnaosa";"";"";"";"03JR";"Pirni tn";"Pirni tänav";"";"";"";"";"";"";"";"";""
128915;"LP00023543";"LP";"2614955";;"28.05.2004 10:09:51";"K";110719;"377840596000004EX0000000000000000";"Harju maakond, Tallinna linn, Pirita linnaosa, Nulu tn";"Nulu tn";"K";547230,71;6591271,46;"37";"Harju maakond";"Harju maakond";"784";"Tallinna linn";"Tallinna linn";"0596";"Pirita linnaosa";"Pirita linnaosa";"";"";"";"04EX";"Nulu tn";"Nulu tänav";"";"";"";"";"";"";"";"";""
128924;"LP00023553";"LP";"2613027";;"28.05.2004 09:52:39";"K";110982;"3778405240000061Q0000000000000000";"Harju maakond, Tallinna linn, Nõmme linnaosa, Seedri tn";"Seedri tn";"K";535636,18;6581132,71;"37";"Harju maakond";"Harju maakond";"784";"Tallinna linn";"Tallinna linn";"0524";"Nõmme linnaosa";"Nõmme linnaosa";"";"";"";"061Q";"Seedri tn";"Seedri tänav";"";"";"";"";"";"";"";"";""
126203;"LP00021881";"LP";"2111010";;"19.02.2004 03:09:49";"K";108666;"377840176000003NY0000000000000000";"Harju maakond, Tallinna linn, Haabersti linnaosa, Unna tn";"Unna tn";"K";533595,81;6590258,89;"37";"Harju maakond";"Harju maakond";"784";"Tallinna linn";"Tallinna linn";"0176";"Haabersti linnaosa";"Haabersti linnaosa";"";"";"";"03NY";"Unna tn";"Unna tänav";"";"";"";"";"";"";"";"";""
128065;"LP00011349";"LP";"2116774";;"19.02.2004 05:33:21";"K";119051;"377840614000003V90000000000000000";"Harju maakond, Tallinna linn, Põhja-Tallinna linnaosa, Volta tn";"Volta tn";"K";541135,10;6590040,47;"37";"Harju maakond";"Harju maakond";"784";"Tallinna linn";"Tallinna linn";"0614";"Põhja-Tallinna linnaosa";"Põhja-Tallinna linnaosa";"";"";"";"03V9";"Volta tn";"Volta tänav";"";"";"";"";"";"";"";"";""
129299;"LP00023643";"LP";"1903385";;"01.12.2003 10:31:47";"K";114345;"377840339000001JP0000000000000000";"Harju maakond, Tallinna linn, Kristiine linnaosa, Meika tn";"Meika tn";"K";541051,02;6587535,51;"37";"Harju maakond";"Harju maakond";"784";"Tallinna linn";"Tallinna linn";"0339";"Kristiine linnaosa";"Kristiine linnaosa";"";"";"";"01JP";"Meika tn";"Meika tänav";"";"";"";"";"";"";"";"";""
125240;"LP00020907";"LP";"2604668";;"23.04.2004 14:47:03";"K";106543;"377840524000001K50000000000000000";"Harju maakond, Tallinna linn, Nõmme linnaosa, Puu tn";"Puu tn";"K";538266,57;6583235,13;"37";"Harju maakond";"Harju maakond";"784";"Tallinna linn";"Tallinna linn";"0524";"Nõmme linnaosa";"Nõmme linnaosa";"";"";"";"01K5";"Puu tn";"Puu tänav";"";"";"";"";"";"";"";"";""
126284;"LP00021963";"LP";"2104699";;"19.02.2004 01:24:35";"K";111035;"377840387000003KE0000000000000000";"Harju maakond, Tallinna linn, Lasnamäe linnaosa, Killustiku tn";"Killustiku tn";"K";545198,48;6588047,05;"37";"Harju maakond";"Harju maakond";"784";"Tallinna linn";"Tallinna linn";"0387";"Lasnamäe linnaosa";"Lasnamäe linnaosa";"";"";"";"03KE";"Killustiku tn";"Killustiku tänav";"";"";"";"";"";"";"";"";""
129392;"LP00013627";"LP";"2116723";;"19.02.2004 05:32:36";"K";113000;"377840614000003PB0000000000000000";"Harju maakond, Tallinna linn, Põhja-Tallinna linnaosa, Jahu tn";"Jahu tn";"K";542103,99;6590065,19;"37";"Harju maakond";"Harju maakond";"784";"Tallinna linn";"Tallinna linn";"0614";"Põhja-Tallinna linnaosa";"Põhja-Tallinna linnaosa";"";"";"";"03PB";"Jahu tn";"Jahu tänav";"";"";"";"";"";"";"";"";""
684695;"CU00456912";"CU";"78404:401:0350";;"07.01.1999 21:27:57";"K";368204;"3778405240000060Y00001N5H00000000";"Harju maakond, Tallinna linn, Nõmme linnaosa, Vabaduse pst 55";"Vabaduse pst 55";"K";539863,02;6582762,92;"37";"Harju maakond";"Harju maakond";"784";"Tallinna linn";"Tallinna linn";"0524";"Nõmme linnaosa";"Nõmme linnaosa";"";"";"";"060Y";"Vabaduse pst";"Vabaduse puiestee";"";"";"";"1N5H";"55";"55";"";"";""
702719;"CU00474673";"CU";"78408:801:0120";;"07.01.1999 21:27:57";"K";450337;"377840614000001L3000017UK00000000";"Harju maakond, Tallinna linn, Põhja-Tallinna linnaosa, Soo tn 24";"Soo tn 24";"K";541972,56;6590017,16;"37";"Harju maakond";"Harju maakond";"784";"Tallinna linn";"Tallinna linn";"0614";"Põhja-Tallinna linnaosa";"Põhja-Tallinna linnaosa";"";"";"";"01L3";"Soo tn";"Soo tänav";"";"";"";"17UK";"24";"24";"";"";""
672085;"CU00444917";"CU";"78401:107:0060";;"07.01.1999 21:27:57";"K";249922;"377840298000001L900001F0400000000";"Harju maakond, Tallinna linn, Kesklinna linnaosa, Pärnu mnt 22";"Pärnu mnt 22";"K";542292,62;6588433,43;"37";"Harju maakond";"Harju maakond";"784";"Tallinna linn";"Tallinna linn";"0298";"Kesklinna linnaosa";"Kesklinna linnaosa";"";"";"";"01L9";"Pärnu mnt";"Pärnu maantee";"";"";"";"1F04";"22";"22";"";"";""
673651;"CU00446417";"CU";"78401:113:0080";;"07.01.1999 21:27:57";"K";446962;"377840298000005ZZ00002ZR600000000";"Harju maakond, Tallinna linn, Kesklinna linnaosa, Raua tn 25";"Raua tn 25";"K";543544,10;6588978,39;"37";"Harju maakond";"Harju maakond";"784";"Tallinna linn";"Tallinna linn";"0298";"Kesklinna linnaosa";"Kesklinna linnaosa";"";"";"";"05ZZ";"Raua tn";"Raua tänav";"";"";"";"2ZR6";"25";"25";"";"";""